"Title:","palomar - Traffic - Vl1"
"Vertical Label:","bits per second"
"Start Date:","2017-03-12 20:00:00"
"End Date:","2017-05-12 21:00:00"
"Step:","7200"
"Total Rows:","733"
"Graph ID:","6"
"Host ID:","2"
""
"Date","Inbound","Outbound"
"2017-03-12 20:00:00","1.3540935711e+04","6.6439158519e+02"
"2017-03-12 22:00:00","1.3143212937e+04","6.6264914740e+02"
"2017-03-13 00:00:00","1.3115598604e+04","6.6451312441e+02"
"2017-03-13 02:00:00","1.3586421095e+04","6.6245712829e+02"
"2017-03-13 04:00:00","1.3178504021e+04","6.6444847156e+02"
"2017-03-13 06:00:00","1.3696191709e+04","6.6244462394e+02"
"2017-03-13 08:00:00","1.4704582070e+04","6.6433480810e+02"
"2017-03-13 10:00:00","1.9698447210e+04","6.6210412278e+02"
"2017-03-13 12:00:00","4.3281029887e+04","6.6230641056e+02"
"2017-03-13 14:00:00","5.1895906675e+04","6.3764821486e+02"
"2017-03-13 16:00:00","3.9629051416e+04","6.6491978447e+02"
"2017-03-13 18:00:00","3.4024877049e+04","6.4018436641e+02"
"2017-03-13 20:00:00","3.9621190786e+04","6.6286206389e+02"
"2017-03-13 22:00:00","2.2786234324e+04","6.6054387004e+02"
"2017-03-14 00:00:00","1.5331216157e+04","6.6292055959e+02"
"2017-03-14 02:00:00","1.4528870583e+04","6.6041167740e+02"
"2017-03-14 04:00:00","1.4682911802e+04","6.6290655964e+02"
"2017-03-14 06:00:00","1.4326599490e+04","6.6043787004e+02"
"2017-03-14 08:00:00","1.4631268490e+04","6.6266388704e+02"
"2017-03-14 10:00:00","2.2897425731e+04","6.5913225773e+02"
"2017-03-14 12:00:00","5.0323026228e+04","6.7568130609e+02"
"2017-03-14 14:00:00","5.3989912839e+04","6.6349549648e+02"
"2017-03-14 16:00:00","3.7203290665e+04","6.6393421405e+02"
"2017-03-14 18:00:00","3.5356944607e+04","6.3673410095e+02"
"2017-03-14 20:00:00","4.1021121161e+04","6.1557706192e+02"
"2017-03-14 22:00:00","2.3197839785e+04","6.6035281481e+02"
"2017-03-15 00:00:00","1.3053235371e+04","6.6275628245e+02"
"2017-03-15 02:00:00","1.3517005480e+04","6.6047924348e+02"
"2017-03-15 04:00:00","1.5075238896e+04","6.6277268148e+02"
"2017-03-15 06:00:00","1.5084434956e+04","6.6037001481e+02"
"2017-03-15 08:00:00","1.4587561985e+04","6.6274948148e+02"
"2017-03-15 10:00:00","2.4320708607e+04","6.6085780741e+02"
"2017-03-15 12:00:00","4.5148394831e+04","6.4284905660e+02"
"2017-03-15 14:00:00","5.0693294087e+04","6.6490203969e+02"
"2017-03-15 16:00:00","4.2811272325e+04","6.3608765036e+02"
"2017-03-15 18:00:00","3.8980050574e+04","6.6317663389e+02"
"2017-03-15 20:00:00","3.7904038501e+04","6.6787509607e+02"
"2017-03-15 22:00:00","2.1271416005e+04","6.6008827004e+02"
"2017-03-16 00:00:00","1.3241966535e+04","6.6313352352e+02"
"2017-03-16 02:00:00","1.3058989442e+04","6.5999207633e+02"
"2017-03-16 04:00:00","1.3185694626e+04","6.6288162641e+02"
"2017-03-16 06:00:00","1.3303872796e+04","6.6029184539e+02"
"2017-03-16 08:00:00","1.3662362854e+04","6.6271777778e+02"
"2017-03-16 10:00:00","2.1294980232e+04","6.6817854773e+02"
"2017-03-16 12:00:00","3.7800185778e+04","6.6356466667e+02"
"2017-03-16 14:00:00","4.4255263919e+04","6.3986885185e+02"
"2017-03-16 16:00:00","3.4895519059e+04","6.6451042963e+02"
"2017-03-16 18:00:00","3.2875070186e+04","6.4106606563e+02"
"2017-03-16 20:00:00","3.7127645281e+04","6.6106548148e+02"
"2017-03-16 22:00:00","1.9817671924e+04","6.6225565568e+02"
"2017-03-17 00:00:00","1.3960764240e+04","6.6443530286e+02"
"2017-03-17 02:00:00","1.4546208997e+04","6.6219805225e+02"
"2017-03-17 04:00:00","1.4791653705e+04","6.6472523359e+02"
"2017-03-17 06:00:00","1.4596432859e+04","6.6189422963e+02"
"2017-03-17 08:00:00","1.5339574533e+04","6.6388265185e+02"
"2017-03-17 10:00:00","2.2850488067e+04","6.6216425185e+02"
"2017-03-17 12:00:00","4.2751141167e+04","6.6632618777e+02"
"2017-03-17 14:00:00","4.6149173317e+04","6.6060104529e+02"
"2017-03-17 16:00:00","3.4941009379e+04","6.7562783619e+02"
"2017-03-17 18:00:00","3.1232139978e+04","6.1534167407e+02"
"2017-03-17 20:00:00","3.5438828444e+04","6.6388829630e+02"
"2017-03-17 22:00:00","1.8378275272e+04","6.6094843647e+02"
"2017-03-18 00:00:00","1.2733917811e+04","6.6352616946e+02"
"2017-03-18 02:00:00","1.3387135169e+04","6.6052385333e+02"
"2017-03-18 04:00:00","1.3968724129e+04","6.6354444395e+02"
"2017-03-18 06:00:00","1.4520339604e+04","6.6032938568e+02"
"2017-03-18 08:00:00","1.3694625632e+04","6.6855396252e+02"
"2017-03-18 10:00:00","1.3624641319e+04","6.6050777035e+02"
"2017-03-18 12:00:00","1.4176326201e+04","6.6347695603e+02"
"2017-03-18 14:00:00","1.4233569338e+04","6.6057405636e+02"
"2017-03-18 16:00:00","1.5872068638e+04","6.6447964932e+02"
"2017-03-18 18:00:00","1.5052021290e+04","6.6016794477e+02"
"2017-03-18 20:00:00","1.3298927753e+04","6.6343975697e+02"
"2017-03-18 22:00:00","1.3681213037e+04","6.6086714074e+02"
"2017-03-19 00:00:00","1.3907936770e+04","6.6325777778e+02"
"2017-03-19 02:00:00","1.3670971341e+04","6.6091154074e+02"
"2017-03-19 04:00:00","1.3820499543e+04","6.6346507858e+02"
"2017-03-19 06:00:00","1.3959263212e+04","6.6105331857e+02"
"2017-03-19 08:00:00","1.4269678283e+04","6.6340287560e+02"
"2017-03-19 10:00:00","1.4036721849e+04","6.6110713917e+02"
"2017-03-19 12:00:00","1.3339253764e+04","6.6339490661e+02"
"2017-03-19 14:00:00","1.3191360896e+04","6.6125780741e+02"
"2017-03-19 16:00:00","1.8896100741e+04","6.6335555556e+02"
"2017-03-19 18:00:00","2.3107020402e+04","6.6126179200e+02"
"2017-03-19 20:00:00","1.3092447978e+04","6.6340442215e+02"
"2017-03-19 22:00:00","1.3147424175e+04","6.6129153400e+02"
"2017-03-20 00:00:00","1.2967838785e+04","6.6332000000e+02"
"2017-03-20 02:00:00","1.3244550955e+04","6.6120724179e+02"
"2017-03-20 04:00:00","1.4945094227e+04","6.6354442968e+02"
"2017-03-20 06:00:00","1.5638549322e+04","6.6106167668e+02"
"2017-03-20 08:00:00","1.5434968570e+04","6.4274717778e+02"
"2017-03-20 10:00:00","1.4780949763e+04","6.5867439121e+02"
"2017-03-20 12:00:00","1.3213441467e+04","6.6369569028e+02"
"2017-03-20 14:00:00","1.3237257304e+04","6.6144887407e+02"
"2017-03-20 16:00:00","1.3050535681e+04","6.6410715556e+02"
"2017-03-20 18:00:00","1.9905830644e+04","6.6255191111e+02"
"2017-03-20 20:00:00","2.2340947584e+04","6.6529887452e+02"
"2017-03-20 22:00:00","1.6439001307e+04","6.6278225175e+02"
"2017-03-21 00:00:00","1.6543119124e+04","6.6527318484e+02"
"2017-03-21 02:00:00","1.6168284242e+04","6.6276632789e+02"
"2017-03-21 04:00:00","1.4900967858e+04","6.6565797581e+02"
"2017-03-21 06:00:00","1.4396204977e+04","6.6264960632e+02"
"2017-03-21 08:00:00","1.4409474337e+04","6.6422272701e+02"
"2017-03-21 10:00:00","2.3939452292e+04","6.6154271458e+02"
"2017-03-21 12:00:00","4.6303145121e+04","6.6334447477e+02"
"2017-03-21 14:00:00","5.4618357345e+04","6.6488881068e+02"
"2017-03-21 16:00:00","4.5500899953e+04","6.6704896570e+02"
"2017-03-21 18:00:00","4.2031677726e+04","6.6208692593e+02"
"2017-03-21 20:00:00","5.0597045171e+04","6.6206734789e+02"
"2017-03-21 22:00:00","2.3220319844e+04","6.6169222222e+02"
"2017-03-22 00:00:00","1.3447917178e+04","6.6482733333e+02"
"2017-03-22 02:00:00","1.3494761935e+04","6.6186441368e+02"
"2017-03-22 04:00:00","1.3579347221e+04","6.6358877150e+02"
"2017-03-22 06:00:00","1.3531176911e+04","6.6004114074e+02"
"2017-03-22 08:00:00","1.4912779325e+04","6.6168089270e+02"
"2017-03-22 10:00:00","2.3380591810e+04","6.5961510591e+02"
"2017-03-22 12:00:00","4.4581254339e+04","6.6107283102e+02"
"2017-03-22 14:00:00","5.8384818711e+04","6.7534508889e+02"
"2017-03-22 16:00:00","5.1312616830e+04","6.6922082222e+02"
"2017-03-22 18:00:00","5.0204859652e+04","6.6147701262e+02"
"2017-03-22 20:00:00","4.4695555044e+04","6.6219103813e+02"
"2017-03-22 22:00:00","1.9727747542e+04","6.6050993920e+02"
"2017-03-23 00:00:00","1.3742623614e+04","6.6276795709e+02"
"2017-03-23 02:00:00","1.4633084452e+04","6.6010936296e+02"
"2017-03-23 04:00:00","1.8394052195e+04","6.6310801254e+02"
"2017-03-23 06:00:00","1.7619525561e+04","6.6017152821e+02"
"2017-03-23 08:00:00","1.7760552187e+04","6.3902871706e+02"
"2017-03-23 10:00:00","2.2968629860e+04","6.5975385673e+02"
"2017-03-23 12:00:00","4.6020174515e+04","6.6195512735e+02"
"2017-03-23 14:00:00","5.2918093617e+04","6.6306670626e+02"
"2017-03-23 16:00:00","4.1849379873e+04","6.6595431708e+02"
"2017-03-23 18:00:00","4.3471690210e+04","6.6122897666e+02"
"2017-03-23 20:00:00","4.5924760555e+04","6.6599492108e+02"
"2017-03-23 22:00:00","2.2812340644e+04","6.6116162809e+02"
"2017-03-24 00:00:00","1.3402866889e+04","6.6368283117e+02"
"2017-03-24 02:00:00","1.3588413486e+04","6.6144160585e+02"
"2017-03-24 04:00:00","1.4764658388e+04","6.6363347563e+02"
"2017-03-24 06:00:00","1.3818656649e+04","6.6120667882e+02"
"2017-03-24 08:00:00","1.4092103335e+04","6.6290900199e+02"
"2017-03-24 10:00:00","2.3222219937e+04","6.3593529948e+02"
"2017-03-24 12:00:00","4.7383097135e+04","6.6798521368e+02"
"2017-03-24 14:00:00","5.0692956429e+04","6.6225129876e+02"
"2017-03-24 16:00:00","3.9640171550e+04","6.4234788114e+02"
"2017-03-24 18:00:00","3.9221798396e+04","6.3629711239e+02"
"2017-03-24 20:00:00","4.0731582854e+04","6.7284377841e+02"
"2017-03-24 22:00:00","1.8284869347e+04","6.6274387228e+02"
"2017-03-25 00:00:00","1.1940824430e+04","6.6800256921e+02"
"2017-03-25 02:00:00","1.2233771961e+04","6.5979218990e+02"
"2017-03-25 04:00:00","1.2746709709e+04","6.6539118658e+02"
"2017-03-25 06:00:00","1.3143993530e+04","6.6538989259e+02"
"2017-03-25 08:00:00","1.4647926390e+04","6.6224447638e+02"
"2017-03-25 10:00:00","1.4529225527e+04","6.6259855945e+02"
"2017-03-25 12:00:00","1.4702867769e+04","6.6534697381e+02"
"2017-03-25 14:00:00","2.0078149903e+04","6.6264716091e+02"
"2017-03-25 16:00:00","2.4185321167e+04","6.6499620959e+02"
"2017-03-25 18:00:00","2.3447840461e+04","6.6267998514e+02"
"2017-03-25 20:00:00","1.9258393575e+04","6.6520111854e+02"
"2017-03-25 22:00:00","1.3286150823e+04","6.6252573841e+02"
"2017-03-26 00:00:00","1.3514415615e+04","6.6468444444e+02"
"2017-03-26 02:00:00","1.3289255579e+04","6.6173728758e+02"
"2017-03-26 04:00:00","1.3505668827e+04","6.6449918136e+02"
"2017-03-26 06:00:00","1.3472704216e+04","6.6181970883e+02"
"2017-03-26 08:00:00","1.3607925875e+04","6.6831935639e+02"
"2017-03-26 10:00:00","1.3460026599e+04","6.5788889546e+02"
"2017-03-26 12:00:00","1.3428727059e+04","6.6453220741e+02"
"2017-03-26 14:00:00","1.3324950481e+04","6.6196620741e+02"
"2017-03-26 16:00:00","1.3619345665e+04","6.6448695783e+02"
"2017-03-26 18:00:00","1.3100106906e+04","6.6184964847e+02"
"2017-03-26 20:00:00","1.2984891695e+04","6.6442385296e+02"
"2017-03-26 22:00:00","1.2856045026e+04","6.6209234444e+02"
"2017-03-27 00:00:00","2.3615459200e+04","6.6460665926e+02"
"2017-03-27 02:00:00","1.8890652678e+04","6.6185766296e+02"
"2017-03-27 04:00:00","1.3010675428e+04","6.6460279894e+02"
"2017-03-27 06:00:00","1.2524392522e+04","6.6228343208e+02"
"2017-03-27 08:00:00","1.3902083391e+04","6.6502723607e+02"
"2017-03-27 10:00:00","2.1995736334e+04","6.6357055740e+02"
"2017-03-27 12:00:00","4.4024504206e+04","6.6331124847e+02"
"2017-03-27 14:00:00","4.8121665474e+04","6.1528523952e+02"
"2017-03-27 16:00:00","3.8890976637e+04","6.6464329630e+02"
"2017-03-27 18:00:00","3.7652176407e+04","6.6190622222e+02"
"2017-03-27 20:00:00","4.1890298099e+04","6.3707342584e+02"
"2017-03-27 22:00:00","1.7164327026e+04","6.3769691790e+02"
"2017-03-28 00:00:00","1.1160934778e+04","6.6440629630e+02"
"2017-03-28 02:00:00","1.8534443733e+04","6.6230905556e+02"
"2017-03-28 04:00:00","1.9744116207e+04","6.6428873704e+02"
"2017-03-28 06:00:00","1.1165616853e+04","6.6217857239e+02"
"2017-03-28 08:00:00","1.1950080147e+04","6.6479272020e+02"
"2017-03-28 10:00:00","1.8505119356e+04","6.6451743333e+02"
"2017-03-28 12:00:00","3.9027910326e+04","6.5999290370e+02"
"2017-03-28 14:00:00","4.4680134494e+04","6.6037684309e+02"
"2017-03-28 16:00:00","3.7421838432e+04","6.6303272728e+02"
"2017-03-28 18:00:00","3.9136045526e+04","6.3794440741e+02"
"2017-03-28 20:00:00","4.2196087844e+04","6.6339150370e+02"
"2017-03-28 22:00:00","2.1008025049e+04","6.5866724201e+02"
"2017-03-29 00:00:00","1.2860172311e+04","6.5610888889e+02"
"2017-03-29 02:00:00","1.2974998450e+04","6.5384440015e+02"
"2017-03-29 04:00:00","1.3351302754e+04","6.5656683848e+02"
"2017-03-29 06:00:00","1.3318399188e+04","6.5374649485e+02"
"2017-03-29 08:00:00","1.3385078842e+04","6.6057418007e+02"
"2017-03-29 10:00:00","3.8018004659e+04","6.4983300741e+02"
"2017-03-29 12:00:00","5.3528665442e+04","6.5580192154e+02"
"2017-03-29 14:00:00","5.9786611944e+04","6.5297864363e+02"
"2017-03-29 16:00:00","4.0623971846e+04","6.6268412929e+02"
"2017-03-29 18:00:00","3.5592925364e+04","6.5333283431e+02"
"2017-03-29 20:00:00","3.8624803896e+04","6.6032680644e+02"
"2017-03-29 22:00:00","1.9799821149e+04","6.5511180923e+02"
"2017-03-30 00:00:00","1.2932416332e+04","6.5791352040e+02"
"2017-03-30 02:00:00","1.2947167771e+04","6.5567631981e+02"
"2017-03-30 04:00:00","1.2639825396e+04","6.5812445188e+02"
"2017-03-30 06:00:00","1.2338676108e+04","6.5549318387e+02"
"2017-03-30 08:00:00","1.3037573443e+04","6.5767623765e+02"
"2017-03-30 10:00:00","2.1018422750e+04","6.5628273118e+02"
"2017-03-30 12:00:00","5.2815668599e+04","6.5827033708e+02"
"2017-03-30 14:00:00","5.6738342927e+04","6.5508240520e+02"
"2017-03-30 16:00:00","4.5373474679e+04","6.5728451178e+02"
"2017-03-30 18:00:00","4.0829497416e+04","6.5436784422e+02"
"2017-03-30 20:00:00","4.1022641053e+04","6.5678648104e+02"
"2017-03-30 22:00:00","2.2042259363e+04","6.5475773704e+02"
"2017-03-31 00:00:00","1.3198908041e+04","6.5766578192e+02"
"2017-03-31 02:00:00","1.3159907777e+04","6.5524501583e+02"
"2017-03-31 04:00:00","1.3441615478e+04","6.5761148002e+02"
"2017-03-31 06:00:00","1.4342986622e+04","6.5500783704e+02"
"2017-03-31 08:00:00","1.4427349063e+04","6.5621497682e+02"
"2017-03-31 10:00:00","2.2959091356e+04","6.5546370687e+02"
"2017-03-31 12:00:00","5.1008846944e+04","6.6098169409e+02"
"2017-03-31 14:00:00","6.6461112149e+04","6.5854389119e+02"
"2017-03-31 16:00:00","4.4564289132e+04","6.5810232362e+02"
"2017-03-31 18:00:00","3.7004516719e+04","6.5498728148e+02"
"2017-03-31 20:00:00","3.5637712081e+04","6.5784118519e+02"
"2017-03-31 22:00:00","1.7178943333e+04","6.5598931111e+02"
"2017-04-01 00:00:00","1.1690700109e+04","6.5774282867e+02"
"2017-04-01 02:00:00","1.1832626172e+04","6.5564046763e+02"
"2017-04-01 04:00:00","1.2833406356e+04","6.5747405185e+02"
"2017-04-01 06:00:00","1.2329934239e+04","6.5552030593e+02"
"2017-04-01 08:00:00","1.2096936371e+04","6.5720635953e+02"
"2017-04-01 10:00:00","1.2706567095e+04","6.5548785530e+02"
"2017-04-01 12:00:00","1.2858811014e+04","6.5762925702e+02"
"2017-04-01 14:00:00","1.3076601378e+04","6.5535797074e+02"
"2017-04-01 16:00:00","1.2416672140e+04","6.5757651815e+02"
"2017-04-01 18:00:00","1.2033912716e+04","6.5520872823e+02"
"2017-04-01 20:00:00","1.2303486137e+04","6.5753142767e+02"
"2017-04-01 22:00:00","1.2518962938e+04","6.5491971317e+02"
"2017-04-02 00:00:00","1.2298358572e+04","6.5767866631e+02"
"2017-04-02 03:00:00","1.2219970543e+04","6.5520937615e+02"
"2017-04-02 05:00:00","1.2347799970e+04","6.5756824289e+02"
"2017-04-02 07:00:00","1.2451673976e+04","6.5534888261e+02"
"2017-04-02 09:00:00","1.2413083081e+04","6.5774605926e+02"
"2017-04-02 11:00:00","1.2330517837e+04","6.5515887407e+02"
"2017-04-02 13:00:00","1.2297312170e+04","6.6072983704e+02"
"2017-04-02 15:00:00","1.2307878040e+04","6.5219854709e+02"
"2017-04-02 17:00:00","1.1826455545e+04","6.5781940847e+02"
"2017-04-02 19:00:00","1.1988261212e+04","6.5500293479e+02"
"2017-04-02 21:00:00","1.2703835869e+04","6.5781599854e+02"
"2017-04-02 23:00:00","1.2993890681e+04","6.5503522963e+02"
"2017-04-03 01:00:00","2.2035738752e+04","6.5805543107e+02"
"2017-04-03 03:00:00","2.0155909621e+04","6.5496470457e+02"
"2017-04-03 05:00:00","1.2684591390e+04","6.5743645113e+02"
"2017-04-03 07:00:00","1.2126226132e+04","6.5498542689e+02"
"2017-04-03 09:00:00","1.4463332588e+04","6.1019784422e+02"
"2017-04-03 11:00:00","3.0374419918e+04","6.5433143101e+02"
"2017-04-03 13:00:00","4.7594391341e+04","6.5775367420e+02"
"2017-04-03 15:00:00","4.8730511052e+04","6.4830242210e+02"
"2017-04-03 17:00:00","3.6760948948e+04","6.5552447407e+02"
"2017-04-03 19:00:00","4.5752655556e+04","6.5341711852e+02"
"2017-04-03 21:00:00","3.4962562695e+04","6.3515698568e+02"
"2017-04-03 23:00:00","1.2565405801e+04","6.5535211803e+02"
"2017-04-04 01:00:00","1.1327611314e+04","6.5763759113e+02"
"2017-04-04 03:00:00","1.7212934344e+04","6.5531442958e+02"
"2017-04-04 05:00:00","2.1859557967e+04","6.5763668153e+02"
"2017-04-04 07:00:00","1.1909339864e+04","6.5687925331e+02"
"2017-04-04 09:00:00","1.3769228454e+04","6.5569883007e+02"
"2017-04-04 11:00:00","3.2408274516e+04","6.5402722919e+02"
"2017-04-04 13:00:00","5.1334219956e+04","6.6085542963e+02"
"2017-04-04 15:00:00","4.8398673985e+04","6.5598679259e+02"
"2017-04-04 17:00:00","3.6310631521e+04","6.5710056336e+02"
"2017-04-04 19:00:00","4.1599979723e+04","6.5573385013e+02"
"2017-04-04 21:00:00","3.1483128452e+04","6.3232936429e+02"
"2017-04-04 23:00:00","1.4106318459e+04","6.5363950370e+02"
"2017-04-05 01:00:00","1.1901888726e+04","6.5587430370e+02"
"2017-04-05 03:00:00","1.2016714241e+04","6.5361294864e+02"
"2017-04-05 05:00:00","1.2423798505e+04","6.5917994832e+02"
"2017-04-05 07:00:00","1.2400049980e+04","6.5036156230e+02"
"2017-04-05 09:00:00","2.6295469326e+04","6.5519394074e+02"
"2017-04-05 11:00:00","3.7586890594e+04","6.5502725813e+02"
"2017-04-05 13:00:00","4.6419483647e+04","6.5536047250e+02"
"2017-04-05 15:00:00","4.9360513736e+04","7.0068226937e+02"
"2017-04-05 17:00:00","3.8144648393e+04","6.5671367778e+02"
"2017-04-05 19:00:00","4.1907936230e+04","6.5402194444e+02"
"2017-04-05 21:00:00","3.1422232878e+04","6.5611988618e+02"
"2017-04-05 23:00:00","1.3850829107e+04","6.5385604715e+02"
"2017-04-06 01:00:00","1.2508358346e+04","6.5586060475e+02"
"2017-04-06 03:00:00","1.3058028923e+04","6.5367566122e+02"
"2017-04-06 05:00:00","1.3347185901e+04","6.5593099329e+02"
"2017-04-06 07:00:00","1.4952953437e+04","6.5380004444e+02"
"2017-04-06 09:00:00","1.6996126827e+04","6.5610969062e+02"
"2017-04-06 11:00:00","3.4108475788e+04","6.5301883530e+02"
"2017-04-06 13:00:00","5.1327253274e+04","6.3279338519e+02"
"2017-04-06 15:00:00","4.7938434452e+04","6.5361491111e+02"
"2017-04-06 17:00:00","3.9988125259e+04","6.3346331111e+02"
"2017-04-06 19:00:00","4.9002667589e+04","6.5383601378e+02"
"2017-04-06 21:00:00","3.7776789249e+04","6.5515059293e+02"
"2017-04-06 23:00:00","1.6105928281e+04","6.5332368958e+02"
"2017-04-07 01:00:00","1.3978228921e+04","6.5638767051e+02"
"2017-04-07 03:00:00","1.4056150079e+04","6.5398136555e+02"
"2017-04-07 05:00:00","1.4105775825e+04","6.5626544112e+02"
"2017-04-07 07:00:00","1.4528801700e+04","6.5346787838e+02"
"2017-04-07 09:00:00","2.3384436281e+04","6.5480891010e+02"
"2017-04-07 11:00:00","4.2482973241e+04","6.5466993355e+02"
"2017-04-07 13:00:00","4.7372903678e+04","6.1068943782e+02"
"2017-04-07 15:00:00","4.2778599725e+04","6.5756839902e+02"
"2017-04-07 17:00:00","3.3862711796e+04","6.5776465411e+02"
"2017-04-07 19:00:00","3.9951801285e+04","6.5361375311e+02"
"2017-04-07 21:00:00","NaN","NaN"
"2017-04-07 23:00:00","NaN","NaN"
"2017-04-08 01:00:00","NaN","NaN"
"2017-04-08 03:00:00","NaN","NaN"
"2017-04-08 05:00:00","NaN","NaN"
"2017-04-08 07:00:00","NaN","NaN"
"2017-04-08 09:00:00","NaN","NaN"
"2017-04-08 11:00:00","NaN","NaN"
"2017-04-08 13:00:00","NaN","NaN"
"2017-04-08 15:00:00","NaN","NaN"
"2017-04-08 17:00:00","NaN","NaN"
"2017-04-08 19:00:00","NaN","NaN"
"2017-04-08 21:00:00","NaN","NaN"
"2017-04-08 23:00:00","NaN","NaN"
"2017-04-09 01:00:00","NaN","NaN"
"2017-04-09 03:00:00","NaN","NaN"
"2017-04-09 05:00:00","NaN","NaN"
"2017-04-09 07:00:00","NaN","NaN"
"2017-04-09 09:00:00","NaN","NaN"
"2017-04-09 11:00:00","NaN","NaN"
"2017-04-09 13:00:00","NaN","NaN"
"2017-04-09 15:00:00","NaN","NaN"
"2017-04-09 17:00:00","NaN","NaN"
"2017-04-09 19:00:00","NaN","NaN"
"2017-04-09 21:00:00","NaN","NaN"
"2017-04-09 23:00:00","NaN","NaN"
"2017-04-10 01:00:00","NaN","NaN"
"2017-04-10 03:00:00","NaN","NaN"
"2017-04-10 05:00:00","NaN","NaN"
"2017-04-10 07:00:00","NaN","NaN"
"2017-04-10 09:00:00","NaN","NaN"
"2017-04-10 11:00:00","NaN","NaN"
"2017-04-10 13:00:00","NaN","NaN"
"2017-04-10 15:00:00","NaN","NaN"
"2017-04-10 17:00:00","NaN","NaN"
"2017-04-10 19:00:00","NaN","NaN"
"2017-04-10 21:00:00","NaN","NaN"
"2017-04-10 23:00:00","NaN","NaN"
"2017-04-11 01:00:00","NaN","NaN"
"2017-04-11 03:00:00","NaN","NaN"
"2017-04-11 05:00:00","NaN","NaN"
"2017-04-11 07:00:00","NaN","NaN"
"2017-04-11 09:00:00","NaN","NaN"
"2017-04-11 11:00:00","NaN","NaN"
"2017-04-11 13:00:00","NaN","NaN"
"2017-04-11 15:00:00","NaN","NaN"
"2017-04-11 17:00:00","NaN","NaN"
"2017-04-11 19:00:00","NaN","NaN"
"2017-04-11 21:00:00","NaN","NaN"
"2017-04-11 23:00:00","NaN","NaN"
"2017-04-12 01:00:00","NaN","NaN"
"2017-04-12 03:00:00","NaN","NaN"
"2017-04-12 05:00:00","NaN","NaN"
"2017-04-12 07:00:00","NaN","NaN"
"2017-04-12 09:00:00","NaN","NaN"
"2017-04-12 11:00:00","NaN","NaN"
"2017-04-12 13:00:00","NaN","NaN"
"2017-04-12 15:00:00","NaN","NaN"
"2017-04-12 17:00:00","NaN","NaN"
"2017-04-12 19:00:00","NaN","NaN"
"2017-04-12 21:00:00","NaN","NaN"
"2017-04-12 23:00:00","NaN","NaN"
"2017-04-13 01:00:00","NaN","NaN"
"2017-04-13 03:00:00","NaN","NaN"
"2017-04-13 05:00:00","NaN","NaN"
"2017-04-13 07:00:00","NaN","NaN"
"2017-04-13 09:00:00","NaN","NaN"
"2017-04-13 11:00:00","NaN","NaN"
"2017-04-13 13:00:00","NaN","NaN"
"2017-04-13 15:00:00","NaN","NaN"
"2017-04-13 17:00:00","NaN","NaN"
"2017-04-13 19:00:00","NaN","NaN"
"2017-04-13 21:00:00","NaN","NaN"
"2017-04-13 23:00:00","NaN","NaN"
"2017-04-14 01:00:00","NaN","NaN"
"2017-04-14 03:00:00","NaN","NaN"
"2017-04-14 05:00:00","NaN","NaN"
"2017-04-14 07:00:00","NaN","NaN"
"2017-04-14 09:00:00","NaN","NaN"
"2017-04-14 11:00:00","NaN","NaN"
"2017-04-14 13:00:00","NaN","NaN"
"2017-04-14 15:00:00","NaN","NaN"
"2017-04-14 17:00:00","NaN","NaN"
"2017-04-14 19:00:00","NaN","NaN"
"2017-04-14 21:00:00","NaN","NaN"
"2017-04-14 23:00:00","NaN","NaN"
"2017-04-15 01:00:00","NaN","NaN"
"2017-04-15 03:00:00","NaN","NaN"
"2017-04-15 05:00:00","NaN","NaN"
"2017-04-15 07:00:00","NaN","NaN"
"2017-04-15 09:00:00","NaN","NaN"
"2017-04-15 11:00:00","NaN","NaN"
"2017-04-15 13:00:00","NaN","NaN"
"2017-04-15 15:00:00","NaN","NaN"
"2017-04-15 17:00:00","NaN","NaN"
"2017-04-15 19:00:00","NaN","NaN"
"2017-04-15 21:00:00","NaN","NaN"
"2017-04-15 23:00:00","NaN","NaN"
"2017-04-16 01:00:00","NaN","NaN"
"2017-04-16 03:00:00","NaN","NaN"
"2017-04-16 05:00:00","NaN","NaN"
"2017-04-16 07:00:00","NaN","NaN"
"2017-04-16 09:00:00","NaN","NaN"
"2017-04-16 11:00:00","NaN","NaN"
"2017-04-16 13:00:00","NaN","NaN"
"2017-04-16 15:00:00","NaN","NaN"
"2017-04-16 17:00:00","NaN","NaN"
"2017-04-16 19:00:00","NaN","NaN"
"2017-04-16 21:00:00","NaN","NaN"
"2017-04-16 23:00:00","NaN","NaN"
"2017-04-17 01:00:00","NaN","NaN"
"2017-04-17 03:00:00","NaN","NaN"
"2017-04-17 05:00:00","NaN","NaN"
"2017-04-17 07:00:00","NaN","NaN"
"2017-04-17 09:00:00","NaN","NaN"
"2017-04-17 11:00:00","NaN","NaN"
"2017-04-17 13:00:00","NaN","NaN"
"2017-04-17 15:00:00","NaN","NaN"
"2017-04-17 17:00:00","NaN","NaN"
"2017-04-17 19:00:00","NaN","NaN"
"2017-04-17 21:00:00","NaN","NaN"
"2017-04-17 23:00:00","NaN","NaN"
"2017-04-18 01:00:00","NaN","NaN"
"2017-04-18 03:00:00","NaN","NaN"
"2017-04-18 05:00:00","NaN","NaN"
"2017-04-18 07:00:00","NaN","NaN"
"2017-04-18 09:00:00","NaN","NaN"
"2017-04-18 11:00:00","NaN","NaN"
"2017-04-18 13:00:00","NaN","NaN"
"2017-04-18 15:00:00","NaN","NaN"
"2017-04-18 17:00:00","4.3834862575e+04","6.5267781720e+02"
"2017-04-18 19:00:00","4.9255977494e+04","6.6296825173e+02"
"2017-04-18 21:00:00","3.7013198867e+04","6.5880840000e+02"
"2017-04-18 23:00:00","1.4114162104e+04","6.6379114074e+02"
"2017-04-19 01:00:00","1.1527728563e+04","6.6047332593e+02"
"2017-04-19 03:00:00","1.1906389729e+04","6.6282582326e+02"
"2017-04-19 05:00:00","1.2172299341e+04","6.5966257083e+02"
"2017-04-19 07:00:00","1.1966536160e+04","6.6272559850e+02"
"2017-04-19 09:00:00","1.5568738787e+04","6.5972432767e+02"
"2017-04-19 11:00:00","3.0850414481e+04","6.6587956146e+02"
"2017-04-19 13:00:00","5.4800418353e+04","6.4146734985e+02"
"2017-04-19 15:00:00","5.8386391450e+04","6.6475142003e+02"
"2017-04-19 17:00:00","4.7560220879e+04","6.6162108158e+02"
"2017-04-19 19:00:00","4.4316494124e+04","6.6621612051e+02"
"2017-04-19 21:00:00","3.1175002153e+04","6.6140334436e+02"
"2017-04-19 23:00:00","1.4217835985e+04","6.6359622222e+02"
"2017-04-20 01:00:00","1.1514995496e+04","6.6097382222e+02"
"2017-04-20 03:00:00","1.1615083670e+04","6.6359339582e+02"
"2017-04-20 05:00:00","1.1803303617e+04","6.6115768584e+02"
"2017-04-20 07:00:00","1.2977275943e+04","6.6352921464e+02"
"2017-04-20 09:00:00","1.5272734867e+04","6.6128844444e+02"
"2017-04-20 11:00:00","3.1926155504e+04","6.6483802963e+02"
"2017-04-20 13:00:00","5.5207118696e+04","6.6172495324e+02"
"2017-04-20 15:00:00","5.0191091652e+04","6.6415633565e+02"
"2017-04-20 17:00:00","3.9003421619e+04","6.6109526273e+02"
"2017-04-20 19:00:00","4.5273771452e+04","6.6461819073e+02"
"2017-04-20 21:00:00","3.4080923640e+04","6.6662953913e+02"
"2017-04-20 23:00:00","1.5030751436e+04","6.6365800825e+02"
"2017-04-21 01:00:00","1.3321125253e+04","6.6168814731e+02"
"2017-04-21 03:00:00","1.3476462889e+04","6.6349274827e+02"
"2017-04-21 05:00:00","1.3822901214e+04","6.6157948136e+02"
"2017-04-21 07:00:00","1.4164665341e+04","6.6355549630e+02"
"2017-04-21 09:00:00","1.6926808184e+04","6.6173772051e+02"
"2017-04-21 11:00:00","3.2553087202e+04","6.6379339609e+02"
"2017-04-21 13:00:00","5.9636593266e+04","6.6170500192e+02"
"2017-04-21 15:00:00","5.2410360711e+04","6.6759361481e+02"
"2017-04-21 17:00:00","3.5251407341e+04","6.5839414815e+02"
"2017-04-21 19:00:00","5.1906203470e+04","6.6356059429e+02"
"2017-04-21 21:00:00","3.4817635841e+04","6.3831496126e+02"
"2017-04-21 23:00:00","1.4140749883e+04","6.6350029731e+02"
"2017-04-22 01:00:00","1.1319349732e+04","6.6114752491e+02"
"2017-04-22 03:00:00","1.1911186242e+04","6.6346723128e+02"
"2017-04-22 05:00:00","1.1865541824e+04","6.6103669620e+02"
"2017-04-22 07:00:00","1.1829056604e+04","6.6350222222e+02"
"2017-04-22 09:00:00","1.2143636279e+04","6.6110670215e+02"
"2017-04-22 11:00:00","1.3607993285e+04","6.6374404539e+02"
"2017-04-22 13:00:00","1.3602849871e+04","6.6087639165e+02"
"2017-04-22 15:00:00","1.3577937214e+04","6.6395459577e+02"
"2017-04-22 17:00:00","1.3991658422e+04","6.6281155653e+02"
"2017-04-22 19:00:00","NaN","NaN"
"2017-04-22 21:00:00","NaN","NaN"
"2017-04-22 23:00:00","NaN","NaN"
"2017-04-23 01:00:00","NaN","NaN"
"2017-04-23 03:00:00","NaN","NaN"
"2017-04-23 05:00:00","NaN","NaN"
"2017-04-23 07:00:00","NaN","NaN"
"2017-04-23 09:00:00","NaN","NaN"
"2017-04-23 11:00:00","NaN","NaN"
"2017-04-23 13:00:00","NaN","NaN"
"2017-04-23 15:00:00","1.0955721111e+04","6.6957566667e+02"
"2017-04-23 17:00:00","1.0805043000e+04","6.6686609630e+02"
"2017-04-23 19:00:00","1.1766359669e+04","6.6959805250e+02"
"2017-04-23 21:00:00","1.1668758993e+04","6.6716689335e+02"
"2017-04-23 23:00:00","1.2949474897e+04","6.7292730249e+02"
"2017-04-24 01:00:00","1.2137886226e+04","6.7084497389e+02"
"2017-04-24 03:00:00","1.1836132866e+04","6.7311010917e+02"
"2017-04-24 05:00:00","1.1864863712e+04","6.7071877972e+02"
"2017-04-24 07:00:00","1.1791177074e+04","6.7315111111e+02"
"2017-04-24 09:00:00","1.4978932689e+04","6.7087548148e+02"
"2017-04-24 11:00:00","3.2224216467e+04","6.7528850370e+02"
"2017-04-24 13:00:00","4.5800641770e+04","6.7001408148e+02"
"2017-04-24 15:00:00","5.2983665819e+04","6.7473915556e+02"
"2017-04-24 17:00:00","3.9390688077e+04","6.7173303923e+02"
"2017-04-24 19:00:00","4.9712581374e+04","6.7488540907e+02"
"2017-04-24 21:00:00","3.5342367574e+04","6.7201854811e+02"
"2017-04-24 23:00:00","1.4520062835e+04","6.7407000000e+02"
"2017-04-25 01:00:00","1.2353240013e+04","6.7157545316e+02"
"2017-04-25 03:00:00","1.3063185385e+04","6.7391554815e+02"
"2017-04-25 05:00:00","1.5670652385e+04","6.7163620000e+02"
"2017-04-25 07:00:00","1.5227968589e+04","6.7415007778e+02"
"2017-04-25 09:00:00","1.6708109322e+04","6.7290767778e+02"
"2017-04-25 11:00:00","3.1134781244e+04","6.5718071111e+02"
"2017-04-25 13:00:00","4.1904038407e+04","6.7602007407e+02"
"2017-04-25 15:00:00","4.0305804563e+04","6.7672434074e+02"
"2017-04-25 17:00:00","3.4383184416e+04","6.7669510006e+02"
"2017-04-25 19:00:00","4.0719257940e+04","6.7830187772e+02"
"2017-04-25 21:00:00","3.2740087702e+04","6.7064027425e+02"
"2017-04-25 23:00:00","1.4712973341e+04","6.7662661499e+02"
"2017-04-26 01:00:00","1.2792538605e+04","6.7781789590e+02"
"2017-04-26 03:00:00","1.3481489219e+04","6.7386765931e+02"
"2017-04-26 05:00:00","1.3547202348e+04","6.7501784444e+02"
"2017-04-26 07:00:00","1.3847164496e+04","6.7755193333e+02"
"2017-04-26 09:00:00","1.6780696748e+04","6.7498631852e+02"
"2017-04-26 11:00:00","3.8974433885e+04","6.4626787599e+02"
"2017-04-26 13:00:00","6.2094332913e+04","6.7431828719e+02"
"2017-04-26 15:00:00","5.2005239455e+04","6.7680113311e+02"
"2017-04-26 17:00:00","4.2121268849e+04","6.7752164236e+02"
"2017-04-26 19:00:00","4.1812057877e+04","6.8880548356e+02"
"2017-04-26 21:00:00","3.2748308121e+04","6.7448424888e+02"
"2017-04-26 23:00:00","1.9331345793e+04","6.7670690078e+02"
"2017-04-27 01:00:00","1.4936257449e+04","6.7423962071e+02"
"2017-04-27 03:00:00","1.5369897481e+04","6.7740493333e+02"
"2017-04-27 05:00:00","1.5274946830e+04","6.7507492593e+02"
"2017-04-27 07:00:00","1.5032744681e+04","6.7758028148e+02"
"2017-04-27 09:00:00","1.8079716612e+04","6.7487095167e+02"
"2017-04-27 11:00:00","3.5800450328e+04","6.7858293722e+02"
"2017-04-27 13:00:00","5.1444055360e+04","6.7554974643e+02"
"2017-04-27 15:00:00","4.8727652267e+04","6.7800003322e+02"
"2017-04-27 17:00:00","4.8804449445e+04","6.7535856927e+02"
"2017-04-27 19:00:00","4.9644479606e+04","6.7796555927e+02"
"2017-04-27 21:00:00","3.6093387856e+04","6.7574779264e+02"
"2017-04-27 23:00:00","1.5858617618e+04","6.7731334448e+02"
"2017-04-28 01:00:00","1.7855410008e+04","6.7483142315e+02"
"2017-04-28 03:00:00","1.5354972633e+04","6.7746385746e+02"
"2017-04-28 05:00:00","1.4863213067e+04","6.7473602963e+02"
"2017-04-28 07:00:00","1.5015814230e+04","6.7746664444e+02"
"2017-04-28 09:00:00","1.7878154718e+04","6.7517002439e+02"
"2017-04-28 11:00:00","3.7249904862e+04","6.7745830934e+02"
"2017-04-28 13:00:00","4.1198044828e+04","6.5054007368e+02"
"2017-04-28 15:00:00","3.9999589226e+04","6.7746723898e+02"
"2017-04-28 17:00:00","3.4753664419e+04","6.7444779254e+02"
"2017-04-28 19:00:00","3.7959086408e+04","6.7097218162e+02"
"2017-04-28 21:00:00","2.7839253607e+04","6.7280638760e+02"
"2017-04-28 23:00:00","1.5135492200e+04","6.6619277333e+02"
"2017-04-29 01:00:00","1.3660820792e+04","6.6744946747e+02"
"2017-04-29 03:00:00","1.7974257653e+04","6.6963907697e+02"
"2017-04-29 05:00:00","1.4066070237e+04","6.6738334074e+02"
"2017-04-29 07:00:00","1.3730100750e+04","6.6963456481e+02"
"2017-04-29 09:00:00","1.3514256746e+04","6.6778677593e+02"
"2017-04-29 11:00:00","1.4137431341e+04","6.7025534074e+02"
"2017-04-29 13:00:00","1.4675434807e+04","6.6749015723e+02"
"2017-04-29 15:00:00","1.4190352445e+04","6.6985045759e+02"
"2017-04-29 17:00:00","1.4309263727e+04","6.6745546711e+02"
"2017-04-29 19:00:00","1.4060896510e+04","6.6995339215e+02"
"2017-04-29 21:00:00","1.3573562268e+04","6.6749392051e+02"
"2017-04-29 23:00:00","1.3014490806e+04","6.6984767949e+02"
"2017-04-30 01:00:00","1.3069084948e+04","6.6756506667e+02"
"2017-04-30 03:00:00","1.3212080422e+04","6.6989271111e+02"
"2017-04-30 05:00:00","1.2388042505e+04","6.6768291852e+02"
"2017-04-30 07:00:00","1.2341729206e+04","6.6977152593e+02"
"2017-04-30 09:00:00","1.2595696435e+04","6.6752117567e+02"
"2017-04-30 11:00:00","1.2451033865e+04","6.6966448556e+02"
"2017-04-30 13:00:00","1.2561669461e+04","6.6763082102e+02"
"2017-04-30 15:00:00","1.2807448920e+04","6.6983463627e+02"
"2017-04-30 17:00:00","1.2827841444e+04","6.6749841481e+02"
"2017-04-30 19:00:00","1.2827077815e+04","6.6989340741e+02"
"2017-04-30 21:00:00","1.3106136203e+04","6.6745832230e+02"
"2017-04-30 23:00:00","1.2545456249e+04","6.6987715918e+02"
"2017-05-01 01:00:00","1.6744619634e+04","6.6748280933e+02"
"2017-05-01 03:00:00","1.3262138825e+04","6.7379353882e+02"
"2017-05-01 05:00:00","1.2737843552e+04","6.6332915590e+02"
"2017-05-01 07:00:00","1.3193789781e+04","6.6974052558e+02"
"2017-05-01 09:00:00","1.2241117370e+04","6.6756999259e+02"
"2017-05-01 11:00:00","1.2380408589e+04","6.6977946706e+02"
"2017-05-01 13:00:00","1.2550486342e+04","6.6745000000e+02"
"2017-05-01 15:00:00","1.2352720069e+04","6.7000894775e+02"
"2017-05-01 17:00:00","1.2417686170e+04","6.6739602222e+02"
"2017-05-01 19:00:00","1.2243130296e+04","6.6986730370e+02"
"2017-05-01 21:00:00","1.2503715727e+04","6.5254643802e+02"
"2017-05-01 23:00:00","1.2241065171e+04","6.5236315670e+02"
"2017-05-02 01:00:00","1.2512516005e+04","6.4986667038e+02"
"2017-05-02 03:00:00","1.2949569496e+04","6.5223621574e+02"
"2017-05-02 05:00:00","1.3216974609e+04","6.4971277101e+02"
"2017-05-02 07:00:00","1.3038139511e+04","6.5239323919e+02"
"2017-05-02 09:00:00","1.6031591644e+04","6.2644674599e+02"
"2017-05-02 11:00:00","3.1082646689e+04","6.5255777778e+02"
"2017-05-02 13:00:00","5.2021403030e+04","6.5089111111e+02"
"2017-05-02 15:00:00","4.5192233896e+04","6.5445890370e+02"
"2017-05-02 17:00:00","3.9089140244e+04","7.1875384444e+02"
"2017-05-02 19:00:00","4.6949321912e+04","6.6002842700e+02"
"2017-05-02 21:00:00","3.3707740639e+04","6.5801045035e+02"
"2017-05-02 23:00:00","1.3965024664e+04","6.5982269302e+02"
"2017-05-03 01:00:00","1.3242943250e+04","6.5903367722e+02"
"2017-05-03 03:00:00","1.3492976254e+04","6.5855630796e+02"
"2017-05-03 05:00:00","1.3043930637e+04","6.5759286667e+02"
"2017-05-03 07:00:00","1.3505955402e+04","6.6020428877e+02"
"2017-05-03 09:00:00","1.6616756598e+04","6.5749505198e+02"
"2017-05-03 11:00:00","2.9388337008e+04","6.5915001656e+02"
"2017-05-03 13:00:00","4.6351257003e+04","6.5594334072e+02"
"2017-05-03 15:00:00","4.3864226630e+04","6.5846841639e+02"
"2017-05-03 17:00:00","4.1042073619e+04","6.5596981892e+02"
"2017-05-03 19:00:00","4.0425128296e+04","6.5835335556e+02"
"2017-05-03 21:00:00","2.9760102570e+04","6.5601557778e+02"
"2017-05-03 23:00:00","1.5611522092e+04","6.5831246000e+02"
"2017-05-04 01:00:00","1.3941190596e+04","6.5535200666e+02"
"2017-05-04 03:00:00","1.4259021563e+04","6.5828728148e+02"
"2017-05-04 05:00:00","1.4507476096e+04","6.5580665926e+02"
"2017-05-04 07:00:00","1.3897021900e+04","6.5842514513e+02"
"2017-05-04 09:00:00","1.6734852672e+04","6.5578707136e+02"
"2017-05-04 11:00:00","2.8800299694e+04","6.6344338351e+02"
"2017-05-04 13:00:00","4.0964585200e+04","6.5166842658e+02"
"2017-05-04 15:00:00","4.4168146704e+04","6.5839778149e+02"
"2017-05-04 17:00:00","3.7413244552e+04","6.5592222222e+02"
"2017-05-04 19:00:00","4.1526429495e+04","6.5831223337e+02"
"2017-05-04 21:00:00","3.2160498896e+04","6.5703524776e+02"
"2017-05-04 23:00:00","1.4967377258e+04","6.5915673301e+02"
"2017-05-05 01:00:00","1.3589609607e+04","6.5666258519e+02"
"2017-05-05 03:00:00","1.3670759491e+04","6.5901697195e+02"
"2017-05-05 05:00:00","1.3656378749e+04","6.5663000738e+02"
"2017-05-05 07:00:00","1.3741316323e+04","6.5905713919e+02"
"2017-05-05 09:00:00","1.5123190122e+04","6.5813079732e+02"
"2017-05-05 11:00:00","2.4137876473e+04","6.5780804329e+02"
"2017-05-05 13:00:00","3.4951792657e+04","6.5787809963e+02"
"2017-05-05 15:00:00","3.7884330604e+04","6.5809802294e+02"
"2017-05-05 17:00:00","3.4736497449e+04","6.5506262315e+02"
"2017-05-05 19:00:00","3.5054850629e+04","6.5858157613e+02"
"2017-05-05 21:00:00","2.8528287753e+04","6.5607555917e+02"
"2017-05-05 23:00:00","1.4766989787e+04","6.5827396843e+02"
"2017-05-06 01:00:00","1.3513725720e+04","6.5571292864e+02"
"2017-05-06 03:00:00","1.3737640858e+04","6.5824153057e+02"
"2017-05-06 05:00:00","1.3395621007e+04","6.5568935393e+02"
"2017-05-06 07:00:00","1.3094281055e+04","6.5845911550e+02"
"2017-05-06 09:00:00","1.4088194058e+04","6.5600887031e+02"
"2017-05-06 11:00:00","1.4666639502e+04","6.5836864383e+02"
"2017-05-06 13:00:00","1.5720071806e+04","6.5601449627e+02"
"2017-05-06 15:00:00","1.4713067982e+04","6.5868688220e+02"
"2017-05-06 17:00:00","1.4949673500e+04","6.5673597868e+02"
"2017-05-06 19:00:00","1.4520311595e+04","6.5913997785e+02"
"2017-05-06 21:00:00","1.3926493998e+04","6.5695292864e+02"
"2017-05-06 23:00:00","1.3097964785e+04","6.5917481784e+02"
"2017-05-07 01:00:00","1.3268219478e+04","6.5695512593e+02"
"2017-05-07 03:00:00","1.3558324165e+04","6.5911894884e+02"
"2017-05-07 05:00:00","1.3433313036e+04","6.5684406912e+02"
"2017-05-07 07:00:00","1.2916673076e+04","6.5896235982e+02"
"2017-05-07 09:00:00","1.3325869443e+04","6.5684911919e+02"
"2017-05-07 11:00:00","1.3890212908e+04","6.5913485286e+02"
"2017-05-07 13:00:00","1.3440877331e+04","6.5683109462e+02"
"2017-05-07 15:00:00","1.3387687279e+04","6.5929605178e+02"
"2017-05-07 17:00:00","1.3738118949e+04","6.5659397209e+02"
"2017-05-07 19:00:00","1.3814164552e+04","6.6221309591e+02"
"2017-05-07 21:00:00","1.4128097113e+04","6.5378682837e+02"
"2017-05-07 23:00:00","1.4185111955e+04","6.5918522292e+02"
"2017-05-08 01:00:00","1.4115574494e+04","6.5662728820e+02"
"2017-05-08 03:00:00","1.3835886104e+04","6.5924691111e+02"
"2017-05-08 05:00:00","1.3624258722e+04","6.5673129211e+02"
"2017-05-08 07:00:00","1.3569631270e+04","6.5919667405e+02"
"2017-05-08 09:00:00","1.5026089206e+04","6.5641933924e+02"
"2017-05-08 11:00:00","2.4187789750e+04","6.5888356867e+02"
"2017-05-08 13:00:00","4.0582771213e+04","6.5671565869e+02"
"2017-05-08 15:00:00","4.1061317105e+04","6.5920147529e+02"
"2017-05-08 17:00:00","3.3661322144e+04","6.5819852100e+02"
"2017-05-08 19:00:00","9.9552034168e+04","6.6121400570e+02"
"2017-05-08 21:00:00","6.0670477651e+04","6.5449511028e+02"
"2017-05-08 23:00:00","1.6674695550e+04","6.5832033264e+02"
"2017-05-09 01:00:00","1.5900665646e+04","6.5975065212e+02"
"2017-05-09 03:00:00","1.6261153846e+04","6.5424651825e+02"
"2017-05-09 05:00:00","1.6817761052e+04","6.5583113348e+02"
"2017-05-09 07:00:00","1.7483385755e+04","6.5811511259e+02"
"2017-05-09 09:00:00","2.0629937981e+04","6.5661725729e+02"
"2017-05-09 11:00:00","3.5130955000e+04","6.5288085539e+02"
"2017-05-09 13:00:00","4.7685554249e+04","6.4992585606e+02"
"2017-05-09 15:00:00","3.9327282611e+04","6.5245261302e+02"
"2017-05-09 17:00:00","3.8967086818e+04","6.4960137217e+02"
"2017-05-09 19:00:00","5.1973819067e+04","6.5177242963e+02"
"2017-05-09 21:00:00","4.5663850495e+04","6.4929020404e+02"
"2017-05-09 23:00:00","3.4620988920e+04","6.5154141078e+02"
"2017-05-10 01:00:00","1.6354157825e+04","6.4920215667e+02"
"2017-05-10 03:00:00","1.6530348753e+04","6.5161985814e+02"
"2017-05-10 05:00:00","1.6644731370e+04","6.4869264444e+02"
"2017-05-10 07:00:00","1.6412205111e+04","6.5076691852e+02"
"2017-05-10 09:00:00","1.6146652859e+04","6.2506415749e+02"
"2017-05-10 11:00:00","1.6144037763e+04","6.5066805733e+02"
"2017-05-10 13:00:00","1.6094826707e+04","6.5092933704e+02"
"2017-05-10 15:00:00","1.6315836980e+04","6.4804906542e+02"
"2017-05-10 17:00:00","1.5542163894e+04","6.5077223699e+02"
"2017-05-10 19:00:00","1.5657804101e+04","6.4832118494e+02"
"2017-05-10 21:00:00","1.5347345072e+04","6.5078325212e+02"
"2017-05-10 23:00:00","2.6220203520e+04","6.4817241429e+02"
"2017-05-11 01:00:00","2.5897440629e+04","6.5074981291e+02"
"2017-05-11 03:00:00","1.5572781717e+04","6.4834332836e+02"
"2017-05-11 05:00:00","1.5778334874e+04","6.5085726750e+02"
"2017-05-11 07:00:00","1.5350383942e+04","6.4813603377e+02"
"2017-05-11 09:00:00","1.8570195226e+04","6.5303009482e+02"
"2017-05-11 11:00:00","2.9652196083e+04","6.5593424674e+02"
"2017-05-11 13:00:00","5.1798861569e+04","6.5839830659e+02"
"2017-05-11 15:00:00","4.4796855084e+04","6.5554698156e+02"
"2017-05-11 17:00:00","3.7373016659e+04","6.5843329642e+02"
"2017-05-11 19:00:00","3.6235920172e+04","6.5599896277e+02"
"2017-05-11 21:00:00","2.9381896316e+04","6.5843490529e+02"
"2017-05-11 23:00:00","1.5410309417e+04","6.5588713861e+02"
"2017-05-12 01:00:00","2.4080926979e+04","6.5842171166e+02"
"2017-05-12 03:00:00","2.3532630443e+04","6.5600505207e+02"
"2017-05-12 05:00:00","1.4163602986e+04","6.5848334810e+02"
"2017-05-12 07:00:00","1.4340456289e+04","6.5604491094e+02"
"2017-05-12 09:00:00","1.7393875767e+04","6.5829797943e+02"
"2017-05-12 11:00:00","3.0030293549e+04","6.6086974771e+02"
"2017-05-12 13:00:00","3.8938095403e+04","6.5839367421e+02"
"2017-05-12 15:00:00","3.5289894119e+04","6.5640696161e+02"
"2017-05-12 17:00:00","3.0885903607e+04","6.5882614286e+02"
"2017-05-12 19:00:00","3.4080386104e+04","6.5730458307e+02"
"2017-05-12 21:00:00","NaN","NaN"
